episode,window_episodes,epsilon,average_reward,cumulative_reward,win_rate,draw_rate,loss_rate,non_loss_rate,average_board_moves,average_agent_decisions,mean_absolute_td_error,canonical_states
1000,1000,0.9928747794117647,-0.6682000000000005,-668.2000000000005,0.084,0.126,0.79,0.21,7.097,3.389,0.2581379341651361,385
2000,1000,0.9857424264705882,-0.6162000000000005,-1284.4000000000062,0.11,0.126,0.764,0.236,7.093,3.401,0.24508009012476414,496
3000,1000,0.9786100735294118,-0.5945,-1878.9000000000124,0.115,0.135,0.75,0.25,7.149,3.434,0.23309751339801274,539
4000,1000,0.9714777205882353,-0.6104999999999998,-2489.399999999997,0.107,0.135,0.758,0.242,7.129,3.422,0.22909403183031932,565
5000,1000,0.9643453676470588,-0.6246000000000002,-3113.999999999972,0.098,0.138,0.764,0.236,7.155,3.432,0.2178117954226003,579
6000,1000,0.9572130147058824,-0.6157999999999997,-3729.799999999951,0.118,0.114,0.768,0.232,7.117,3.408,0.2121551505230913,593
7000,1000,0.9500806617647058,-0.5812999999999995,-4311.099999999926,0.119,0.139,0.742,0.258,7.112,3.411,0.21985347461651797,602
8000,1000,0.9429483088235294,-0.5887,-4899.7999999999,0.114,0.141,0.745,0.255,7.075,3.399,0.2080035788410113,605
9000,1000,0.9358159558823529,-0.5975000000000003,-5497.299999999874,0.107,0.145,0.748,0.252,7.138,3.424,0.20880344857343228,610
10000,1000,0.9286836029411765,-0.5807999999999996,-6078.099999999848,0.116,0.144,0.74,0.26,7.18,3.453,0.2026123680899206,613
11000,1000,0.92155125,-0.5678999999999996,-6645.999999999823,0.127,0.137,0.736,0.264,7.058,3.391,0.19919307492161417,615
12000,1000,0.9144188970588235,-0.5476999999999994,-7193.699999999795,0.128,0.151,0.721,0.279,7.186,3.458,0.20283119268636823,618
13000,1000,0.9072865441176471,-0.5538999999999996,-7747.599999999767,0.121,0.157,0.722,0.278,7.16,3.445,0.19633007363037056,619
14000,1000,0.9001541911764706,-0.5898999999999999,-8337.49999999977,0.116,0.137,0.747,0.253,7.145,3.431,0.20018885132785663,620
15000,1000,0.8930218382352941,-0.5639999999999994,-8901.499999999873,0.127,0.14,0.733,0.267,7.166,3.445,0.19710425885642638,621
16000,1000,0.8858894852941177,-0.5175999999999987,-9419.099999999995,0.132,0.168,0.7,0.3,7.173,3.46,0.1903152431743229,621
17000,1000,0.8787571323529412,-0.5589999999999997,-9978.10000000009,0.136,0.13,0.734,0.266,7.188,3.456,0.19930754586243535,622
18000,1000,0.8716247794117646,-0.5366999999999993,-10514.800000000207,0.127,0.161,0.712,0.288,7.209,3.476,0.19262684485304762,622
19000,1000,0.8644924264705882,-0.5083999999999986,-11023.200000000332,0.134,0.172,0.694,0.306,7.147,3.455,0.1927952702920269,622
20000,1000,0.8573600735294118,-0.5419999999999989,-11565.200000000448,0.125,0.16,0.715,0.285,7.164,3.455,0.18678240644174637,623
21000,1000,0.8502277205882354,-0.5433999999999991,-12108.600000000566,0.123,0.162,0.715,0.285,7.226,3.481,0.18764671764673768,623
22000,1000,0.8430953676470588,-0.5354999999999989,-12644.100000000686,0.125,0.165,0.71,0.29,7.204,3.473,0.1891981768275594,623
23000,1000,0.8359630147058823,-0.5043999999999986,-13148.500000000811,0.136,0.172,0.692,0.308,7.238,3.498,0.19685999698396917,623
24000,1000,0.8288306617647059,-0.525799999999999,-13674.300000000923,0.137,0.154,0.709,0.291,7.242,3.494,0.19509318765374867,623
25000,1000,0.8216983088235295,-0.4819999999999984,-14156.300000001054,0.142,0.18,0.678,0.322,7.222,3.495,0.1915167836717773,623
26000,1000,0.8145659558823529,-0.4671999999999987,-14623.500000001182,0.152,0.176,0.672,0.328,7.223,3.497,0.18988806777061007,623
27000,1000,0.8074336029411765,-0.4741999999999985,-15097.700000001318,0.142,0.186,0.672,0.328,7.256,3.512,0.18142375707732597,624
28000,1000,0.80030125,-0.5014999999999984,-15599.200000001452,0.129,0.185,0.686,0.314,7.187,3.471,0.17798171602820384,624
29000,1000,0.7931688970588235,-0.4817999999999984,-16081.000000001593,0.133,0.194,0.673,0.327,7.264,3.517,0.18649391789284028,624
30000,1000,0.7860365441176471,-0.40949999999999853,-16490.500000001743,0.162,0.205,0.633,0.367,7.293,3.548,0.18575967440435573,624
31000,1000,0.7789041911764706,-0.45259999999999845,-16943.100000001887,0.145,0.198,0.657,0.343,7.318,3.551,0.18567819202373018,624
32000,1000,0.771771838235294,-0.4850999999999984,-17428.200000002027,0.132,0.193,0.675,0.325,7.29,3.527,0.18664301634420805,624
33000,1000,0.7646394852941176,-0.41769999999999846,-17845.900000002166,0.167,0.191,0.642,0.358,7.261,3.527,0.18645106108749024,625
34000,1000,0.7575071323529412,-0.4229999999999983,-18268.90000000232,0.152,0.21,0.638,0.362,7.356,3.573,0.17957392996183566,625
35000,1000,0.7503747794117647,-0.41549999999999837,-18684.400000002468,0.159,0.205,0.636,0.364,7.3,3.548,0.189470645015921,625
36000,1000,0.7432424264705882,-0.4267999999999987,-19111.200000002616,0.154,0.204,0.642,0.358,7.326,3.556,0.18655861089070028,625
37000,1000,0.7361100735294117,-0.4283999999999984,-19539.60000000277,0.148,0.212,0.64,0.36,7.276,3.535,0.18356480470255054,625
38000,1000,0.7289777205882353,-0.3945999999999985,-19934.20000000293,0.161,0.218,0.621,0.379,7.307,3.552,0.19259939055842848,625
39000,1000,0.7218453676470589,-0.4000999999999986,-20334.300000003077,0.168,0.203,0.629,0.371,7.298,3.553,0.19411454309907314,625
40000,1000,0.7147130147058824,-0.3867999999999986,-20721.100000003225,0.174,0.204,0.622,0.378,7.299,3.552,0.1890325273601954,625
41000,1000,0.7075806617647058,-0.3935999999999983,-21114.70000000339,0.155,0.228,0.617,0.383,7.309,3.553,0.1817289992894211,625
42000,1000,0.7004483088235294,-0.3902999999999986,-21505.000000003543,0.169,0.209,0.622,0.378,7.324,3.567,0.18483463235061626,625
43000,1000,0.693315955882353,-0.36019999999999847,-21865.200000003693,0.186,0.206,0.608,0.392,7.321,3.577,0.19296702905104718,626
44000,1000,0.6861836029411765,-0.3254999999999987,-22190.700000003857,0.191,0.225,0.584,0.416,7.326,3.585,0.18814050619679287,626
45000,1000,0.6790512500000001,-0.36519999999999847,-22555.900000004014,0.177,0.216,0.607,0.393,7.347,3.586,0.18177926966414865,626
46000,1000,0.6719188970588235,-0.34439999999999876,-22900.300000004183,0.177,0.232,0.591,0.409,7.375,3.601,0.18743351918476236,626
47000,1000,0.664786544117647,-0.343999999999999,-23244.300000004343,0.185,0.22,0.595,0.405,7.331,3.581,0.18792956341844694,626
48000,1000,0.6576541911764706,-0.28569999999999846,-23530.00000000451,0.207,0.231,0.562,0.438,7.331,3.591,0.19743665547728095,626
49000,1000,0.6505218382352942,-0.3063999999999981,-23836.400000004694,0.183,0.252,0.565,0.435,7.436,3.643,0.1882050155438913,626
50000,1000,0.6433894852941177,-0.310999999999998,-24147.40000000489,0.169,0.27,0.561,0.439,7.441,3.64,0.1829105752023263,627
51000,1000,0.6362571323529411,-0.3495999999999986,-24497.000000005057,0.177,0.228,0.595,0.405,7.326,3.58,0.1825352137699297,627
52000,1000,0.6291247794117647,-0.29209999999999875,-24789.10000000522,0.209,0.223,0.568,0.432,7.421,3.636,0.1902346499365001,627
53000,1000,0.6219924264705883,-0.2887999999999986,-25077.900000005397,0.197,0.244,0.559,0.441,7.388,3.616,0.18814891150892096,627
54000,1000,0.6148600735294117,-0.3056999999999986,-25383.60000000555,0.21,0.211,0.579,0.421,7.289,3.565,0.18583466848063854,627
55000,1000,0.6077277205882353,-0.2893999999999984,-25673.000000005726,0.198,0.242,0.56,0.44,7.327,3.579,0.183364375277695,627
56000,1000,0.6005953676470588,-0.2696999999999988,-25942.70000000591,0.202,0.251,0.547,0.453,7.376,3.617,0.18022631026770422,627
57000,1000,0.5934630147058824,-0.23409999999999945,-26176.800000006086,0.225,0.243,0.532,0.468,7.444,3.661,0.18339647169481924,627
58000,1000,0.5863306617647059,-0.22099999999999875,-26397.800000006282,0.214,0.27,0.516,0.484,7.443,3.657,0.17718959904974746,627
59000,1000,0.5791983088235294,-0.2790999999999988,-26676.900000006466,0.196,0.253,0.551,0.449,7.456,3.655,0.17843472981334643,627
60000,1000,0.5720659558823529,-0.2301999999999988,-26907.10000000666,0.212,0.266,0.522,0.478,7.456,3.665,0.1780624009396531,627
61000,1000,0.5649336029411764,-0.22779999999999892,-27134.90000000686,0.208,0.274,0.518,0.482,7.455,3.673,0.17809749385860688,627
62000,1000,0.55780125,-0.21679999999999883,-27351.700000007066,0.207,0.284,0.509,0.491,7.466,3.675,0.17688114201565389,627
63000,1000,0.5506688970588236,-0.2268999999999989,-27578.600000007245,0.226,0.247,0.527,0.473,7.399,3.633,0.18313161611415726,627
64000,1000,0.5435365441176471,-0.19919999999999916,-27777.80000000746,0.208,0.296,0.496,0.504,7.49,3.683,0.17755581632405248,627
65000,1000,0.5364041911764705,-0.20949999999999921,-27987.300000007654,0.223,0.265,0.512,0.488,7.523,3.702,0.1765971924773833,627
66000,1000,0.5292718382352941,-0.15909999999999985,-28146.400000007867,0.23,0.293,0.477,0.523,7.499,3.703,0.17873486696618027,627
67000,1000,0.5221394852941177,-0.15990000000000004,-28306.30000000807,0.24,0.277,0.483,0.517,7.496,3.701,0.17837647175776955,627
68000,1000,0.5150071323529413,-0.1303000000000002,-28436.600000008293,0.234,0.309,0.457,0.543,7.58,3.745,0.16871694733116116,627
69000,1000,0.5078747794117648,-0.16019999999999948,-28596.800000008516,0.221,0.306,0.473,0.527,7.467,3.679,0.17280565502153994,627
70000,1000,0.5007424264705882,-0.16550000000000004,-28762.30000000871,0.245,0.265,0.49,0.51,7.446,3.67,0.17835313237925363,627
71000,1000,0.4936100735294118,-0.16409999999999952,-28926.40000000893,0.221,0.303,0.476,0.524,7.502,3.698,0.16471435133797338,627
72000,1000,0.48647772058823535,-0.14730000000000001,-29073.700000009147,0.232,0.299,0.469,0.531,7.524,3.71,0.17018267296166498,627
73000,1000,0.4793453676470588,-0.11320000000000065,-29186.900000009377,0.238,0.316,0.446,0.554,7.574,3.74,0.16675959179072572,627
74000,1000,0.4722130147058823,-0.09150000000000055,-29278.4000000096,0.256,0.305,0.439,0.561,7.567,3.745,0.16853296559878153,627
75000,1000,0.46508066176470586,-0.13170000000000032,-29410.10000000981,0.245,0.291,0.464,0.536,7.471,3.692,0.17327154978857917,627
76000,1000,0.45794830882352944,-0.10870000000000059,-29518.800000010044,0.237,0.321,0.442,0.558,7.539,3.728,0.17024324888597772,627
77000,1000,0.450815955882353,-0.09500000000000032,-29613.800000010284,0.238,0.33,0.432,0.568,7.653,3.788,0.16169254224250837,627
78000,1000,0.4436836029411766,-0.1052000000000006,-29719.00000001053,0.229,0.336,0.435,0.565,7.624,3.769,0.15997967988242445,627
79000,1000,0.43655124999999995,-0.050200000000000175,-29769.200000010766,0.263,0.326,0.411,0.589,7.57,3.75,0.16820618217532485,627
80000,1000,0.4294188970588235,-0.09810000000000045,-29867.300000011,0.241,0.323,0.436,0.564,7.55,3.742,0.16946288309447155,627
81000,1000,0.4222865441176471,-0.07840000000000032,-29945.700000011257,0.232,0.352,0.416,0.584,7.665,3.798,0.1586093526055644,627
82000,1000,0.4151541911764707,-0.058100000000000436,-30003.80000001149,0.261,0.323,0.416,0.584,7.552,3.748,0.1680826395891674,627
83000,1000,0.40802183823529414,-0.013799999999999866,-30017.600000011735,0.276,0.334,0.39,0.61,7.59,3.773,0.1685887226881334,627
84000,1000,0.4008894852941176,0.027700000000000082,-29989.90000001199,0.287,0.349,0.364,0.636,7.617,3.784,0.1566305646767588,627
85000,1000,0.3937571323529412,-0.021599999999999918,-30011.50000001224,0.263,0.348,0.389,0.611,7.63,3.792,0.16276995319694393,627
86000,1000,0.38662477941176476,-0.00719999999999987,-30018.700000012486,0.278,0.336,0.386,0.614,7.608,3.786,0.16690546401390968,627
87000,1000,0.37949242647058823,0.03259999999999953,-29986.10000001275,0.281,0.362,0.357,0.643,7.676,3.825,0.15437077952035577,627
88000,1000,0.3723600735294118,0.02220000000000013,-29963.90000001302,0.268,0.374,0.358,0.642,7.707,3.839,0.15299706165071078,627
89000,1000,0.36522772058823527,0.014300000000000075,-29949.600000013277,0.279,0.351,0.37,0.63,7.622,3.788,0.15353735871172036,627
90000,1000,0.35809536764705885,0.020400000000000116,-29929.200000013516,0.297,0.328,0.375,0.625,7.538,3.753,0.15618672045477386,627
91000,1000,0.3509630147058823,0.010500000000000034,-29918.70000001378,0.268,0.365,0.367,0.633,7.595,3.775,0.14891231338710192,627
92000,1000,0.3438306617647059,0.07609999999999956,-29842.60000001407,0.28,0.397,0.323,0.677,7.706,3.852,0.1441115119768218,627
93000,1000,0.33669830882352947,0.11029999999999918,-29732.300000014355,0.301,0.391,0.308,0.692,7.651,3.83,0.1476844300970463,627
94000,1000,0.32956595588235293,0.03770000000000005,-29694.60000001461,0.292,0.349,0.359,0.641,7.567,3.779,0.1605328011892609,627
95000,1000,0.3224336029411765,0.10249999999999936,-29592.100000014874,0.314,0.365,0.321,0.679,7.618,3.806,0.150140996263141,627
96000,1000,0.31530125,0.07129999999999978,-29520.80000001515,0.288,0.381,0.331,0.669,7.671,3.822,0.1481240131993132,627
97000,1000,0.30816889705882355,0.10649999999999941,-29414.30000001543,0.303,0.385,0.312,0.688,7.669,3.84,0.14555597986713836,627
98000,1000,0.30103654411764713,0.11889999999999923,-29295.400000015718,0.304,0.393,0.303,0.697,7.7,3.85,0.14609841935710588,627
99000,1000,0.2939041911764707,0.10459999999999943,-29190.800000015995,0.304,0.382,0.314,0.686,7.704,3.846,0.15156424607117422,627
100000,1000,0.28677183823529406,0.0998999999999994,-29090.90000001629,0.288,0.403,0.309,0.691,7.754,3.871,0.14247601798039672,627
101000,1000,0.27963948529411764,0.15090000000000003,-28940.00000001659,0.307,0.413,0.28,0.72,7.767,3.894,0.14222120937322313,627
102000,1000,0.2725071323529412,0.11009999999999921,-28829.900000016907,0.271,0.437,0.292,0.708,7.842,3.92,0.13574068356707408,627
103000,1000,0.2653747794117648,0.13269999999999957,-28697.200000017227,0.281,0.439,0.28,0.72,7.775,3.891,0.13691211043644194,627
104000,1000,0.25824242647058826,0.196200000000001,-28501.000000017542,0.316,0.434,0.25,0.75,7.773,3.907,0.13817200947146277,627
105000,1000,0.2511100735294117,0.15469999999999992,-28346.300000017847,0.305,0.419,0.276,0.724,7.842,3.933,0.1416859410574809,627
106000,1000,0.2439777205882353,0.17160000000000059,-28174.700000018147,0.318,0.412,0.27,0.73,7.716,3.862,0.13948020847971881,627
107000,1000,0.23684536764705888,0.18460000000000082,-27990.100000018454,0.318,0.422,0.26,0.74,7.742,3.888,0.1379639064902842,627
108000,1000,0.22971301470588235,0.2100000000000008,-27780.10000001876,0.332,0.42,0.248,0.752,7.725,3.891,0.1368980324757393,627
109000,1000,0.22258066176470592,0.2117000000000017,-27568.40000001907,0.327,0.429,0.244,0.756,7.771,3.9,0.12963041588530883,627
110000,1000,0.2154483088235294,0.20320000000000116,-27365.200000019395,0.313,0.444,0.243,0.757,7.821,3.921,0.13521861279404374,627
111000,1000,0.20831595588235297,0.1957000000000007,-27169.500000019707,0.319,0.429,0.252,0.748,7.756,3.892,0.13501213138072204,627
112000,1000,0.20118360294117654,0.2032000000000014,-26966.30000002003,0.313,0.444,0.243,0.757,7.834,3.929,0.13222280141647114,627
113000,1000,0.19405125,0.3038000000000027,-26662.50000002037,0.349,0.466,0.185,0.815,7.877,3.976,0.12849587594399825,627
114000,1000,0.18691889705882359,0.24060000000000178,-26421.900000020705,0.32,0.462,0.218,0.782,7.892,3.956,0.1256048412695449,627
115000,1000,0.17978654411764705,0.2690000000000028,-26152.90000002106,0.316,0.49,0.194,0.806,7.936,3.986,0.1240856661165588,627
116000,1000,0.17265419117647063,0.3090000000000029,-25843.90000002142,0.336,0.49,0.174,0.826,7.897,3.984,0.12537544096609254,627
117000,1000,0.1655218382352941,0.3322000000000027,-25511.700000021778,0.345,0.494,0.161,0.839,7.893,3.983,0.1257282621919775,627
118000,1000,0.15838948529411767,0.30150000000000304,-25210.200000022123,0.342,0.475,0.183,0.817,7.836,3.954,0.12524852982904322,627
119000,1000,0.15125713235294125,0.3248000000000032,-24885.400000022484,0.34,0.496,0.164,0.836,7.88,3.978,0.12348721132735228,627
120000,1000,0.14412477941176483,0.37020000000000325,-24515.200000022844,0.364,0.494,0.142,0.858,7.945,4.023,0.12162387105528585,627
121000,1000,0.13699242647058818,0.346100000000003,-24169.10000002319,0.363,0.477,0.16,0.84,7.894,3.987,0.12067437122884418,627
122000,1000,0.12986007352941176,0.3785000000000034,-23790.60000002353,0.387,0.465,0.148,0.852,7.808,3.942,0.12202771786463244,627
123000,1000,0.12272772058823533,0.3616000000000035,-23429.0000000239,0.348,0.512,0.14,0.86,7.875,3.978,0.11879345112645297,627
124000,1000,0.11559536764705891,0.37740000000000323,-23051.60000002428,0.352,0.518,0.13,0.87,7.852,3.967,0.11742456201372296,627
125000,1000,0.10846301470588238,0.3771000000000034,-22674.500000024647,0.359,0.507,0.134,0.866,7.851,3.972,0.11656304198204236,627
126000,1000,0.10133066176470584,0.4258000000000041,-22248.700000025015,0.384,0.506,0.11,0.89,7.935,4.013,0.11728045527841348,627
127000,1000,0.09419830882352942,0.4263000000000032,-21822.400000025373,0.394,0.491,0.115,0.885,7.883,3.987,0.1201949409799056,627
128000,1000,0.087065955882353,0.4365000000000042,-21385.90000002574,0.39,0.505,0.105,0.895,7.917,4.019,0.11458820386378973,627
129000,1000,0.07993360294117657,0.4612000000000042,-20924.700000026136,0.377,0.544,0.079,0.921,8.012,4.069,0.1128670393085307,627
130000,1000,0.07280125000000004,0.4514000000000042,-20473.300000026527,0.376,0.538,0.086,0.914,7.952,4.037,0.11426818230544158,627
131000,1000,0.0656688970588235,0.429100000000004,-20044.200000026925,0.359,0.547,0.094,0.906,8.006,4.054,0.10931824088559916,627
132000,1000,0.05853654411764708,0.4467000000000044,-19597.50000002736,0.334,0.599,0.067,0.933,8.146,4.121,0.10062009038996557,627
133000,1000,0.05140419117647066,0.4794000000000039,-19118.100000027753,0.39,0.538,0.072,0.928,8.022,4.072,0.11305651438878982,627
134000,1000,0.044271838235294125,0.48650000000000426,-18631.600000028135,0.402,0.525,0.073,0.927,7.957,4.037,0.11115231897555981,627
135000,1000,0.0371394852941177,0.4946000000000049,-18137.000000028558,0.369,0.582,0.049,0.951,8.065,4.098,0.10770901231677188,627
136000,1000,0.030007132352941168,0.530700000000004,-17606.30000002898,0.389,0.579,0.032,0.968,8.098,4.118,0.10530652624122624,627
137000,1000,0.030000000000000027,0.5150000000000042,-17091.30000002941,0.374,0.59,0.036,0.964,8.194,4.159,0.10316028922372766,627
138000,1000,0.030000000000000027,0.5250000000000037,-16566.300000029823,0.392,0.57,0.038,0.962,8.075,4.103,0.10358654122811206,627
139000,1000,0.030000000000000027,0.539900000000003,-16026.400000030233,0.404,0.563,0.033,0.967,7.999,4.075,0.10597863618771065,627
140000,1000,0.030000000000000027,0.5415000000000029,-15484.900000030651,0.397,0.575,0.028,0.972,8.06,4.107,0.10704063114340286,627
141000,1000,0.030000000000000027,0.5262000000000039,-14958.700000031069,0.39,0.574,0.036,0.964,8.068,4.106,0.10664525854083179,627
142000,1000,0.030000000000000027,0.5275000000000036,-14431.200000031502,0.377,0.595,0.028,0.972,8.189,4.164,0.10296329005113533,627
143000,1000,0.030000000000000027,0.5161000000000042,-13915.100000031922,0.383,0.577,0.04,0.96,8.041,4.084,0.10441310579952026,627
144000,1000,0.030000000000000027,0.5212000000000041,-13393.900000032347,0.381,0.584,0.035,0.965,8.172,4.156,0.1041960407520084,627
145000,1000,0.030000000000000027,0.5818000000000018,-12812.10000003273,0.449,0.526,0.025,0.975,7.927,4.049,0.11130880888395993,627
146000,1000,0.030000000000000027,0.5519000000000022,-12260.200000033125,0.423,0.543,0.034,0.966,7.988,4.082,0.11063365444197185,627
147000,1000,0.030000000000000027,0.5432000000000027,-11717.00000003355,0.392,0.584,0.024,0.976,8.089,4.117,0.10739676271548354,627
148000,1000,0.030000000000000027,0.5495000000000028,-11167.500000033953,0.414,0.555,0.031,0.969,8.082,4.111,0.10642910796236019,627
149000,1000,0.030000000000000027,0.5346000000000033,-10632.900000034377,0.389,0.582,0.029,0.971,8.07,4.103,0.10406502736077045,627
150000,1000,0.030000000000000027,0.5258000000000037,-10107.100000034803,0.382,0.586,0.032,0.968,8.131,4.136,0.1046765518203258,627
151000,1000,0.030000000000000027,0.5085000000000047,-9598.600000035229,0.374,0.585,0.041,0.959,8.159,4.147,0.10350962052517126,627
152000,1000,0.030000000000000027,0.5300000000000031,-9068.60000003565,0.388,0.58,0.032,0.968,8.11,4.127,0.10607303313964256,627
153000,1000,0.030000000000000027,0.5422000000000028,-8526.400000036068,0.398,0.574,0.028,0.972,8.077,4.108,0.1057847476534863,627
154000,1000,0.030000000000000027,0.5622000000000016,-7964.200000036265,0.434,0.534,0.032,0.968,7.988,4.069,0.10798393426633088,627
155000,1000,0.030000000000000027,0.5230000000000042,-7441.200000036158,0.378,0.59,0.032,0.968,8.104,4.121,0.10158820267108297,627
156000,1000,0.030000000000000027,0.5352000000000039,-6906.0000000360515,0.388,0.584,0.028,0.972,8.125,4.131,0.10368383952428016,627
157000,1000,0.030000000000000027,0.5460000000000026,-6360.00000003595,0.409,0.56,0.031,0.969,7.991,4.068,0.10513128857642304,627
158000,1000,0.030000000000000027,0.5173000000000041,-5842.700000035844,0.381,0.581,0.038,0.962,8.064,4.102,0.10594979188752797,627
159000,1000,0.030000000000000027,0.5269000000000043,-5315.80000003574,0.391,0.573,0.036,0.964,8.102,4.119,0.1058980557580426,627
160000,1000,0.030000000000000027,0.516500000000005,-4799.30000003563,0.365,0.605,0.03,0.97,8.145,4.132,0.10003778338577883,627
